{
 "dev accuracy": 0.8238717532467532,
 "test accuracy: ": 0.8242694805194806
}