{
 "dev accuracy": 0.826700487012987,
 "test accuracy: ": 0.8276176948051948
}