{
 "MR": {
  "devacc": 69.2,
  "acc": 68.54,
  "ndev": 10662,
  "ntest": 10662
 },
 "CR": {
  "devacc": 76.51,
  "acc": 75.23,
  "ndev": 3775,
  "ntest": 3775
 },
 "MPQA": {
  "devacc": 83.81,
  "acc": 83.48,
  "ndev": 10606,
  "ntest": 10606
 },
 "SUBJ": {
  "devacc": 82.62,
  "acc": 82.1,
  "ndev": 10000,
  "ntest": 10000
 },
 "SST2": {
  "devacc": 70.53,
  "acc": 71.94,
  "ndev": 872,
  "ntest": 1821
 },
 "TREC": {
  "devacc": 57.65,
  "acc": 65.6,
  "ndev": 5452,
  "ntest": 500
 },
 "MRPC": {
  "devacc": 71.54,
  "acc": 69.51,
  "f1": 78.77,
  "ndev": 4076,
  "ntest": 1725
 },
 "SICKEntailment": {
  "devacc": 83.2,
  "acc": 82.52,
  "ndev": 500,
  "ntest": 4927
 },
 "STS14": {
  "deft-forum": {
   "pearson": [
    0.29897562387235743,
    9.592561967488978e-11
   ],
   "spearman": [
    0.29415391633019516,
    1.9666253828680327e-10
   ],
   "nsamples": 450
  },
  "deft-news": {
   "pearson": [
    0.5131317804439088,
    1.500433616838644e-21
   ],
   "spearman": [
    0.48426553306159703,
    4.802927604906915e-19
   ],
   "nsamples": 300
  },
  "headlines": {
   "pearson": [
    0.4524058857564427,
    4.088713346606609e-39
   ],
   "spearman": [
    0.4287906063755225,
    6.757313633860063e-35
   ],
   "nsamples": 750
  },
  "images": {
   "pearson": [
    0.7973055462025768,
    3.5509276957007594e-166
   ],
   "spearman": [
    0.7525225472921528,
    7.950642337041269e-138
   ],
   "nsamples": 750
  },
  "OnWN": {
   "pearson": [
    0.570596547119318,
    5.335897290179371e-66
   ],
   "spearman": [
    0.5910211463089231,
    7.854059064854655e-72
   ],
   "nsamples": 750
  },
  "tweet-news": {
   "pearson": [
    0.5529824674109629,
    2.74475119973127e-61
   ],
   "spearman": [
    0.5005508440330891,
    8.263962609081049e-49
   ],
   "nsamples": 750
  },
  "all": {
   "pearson": {
    "mean": 0.5308996418009277,
    "wmean": 0.5515857065980557
   },
   "spearman": {
    "mean": 0.5085507655669134,
    "wmean": 0.5286167414064886
   }
  }
 }
}