{
 "dev accuracy": 0.8433969155844157,
 "test accuracy: ": 0.8431412337662337
}