{
 "MR": {
  "devacc": 74.39,
  "acc": 73.21,
  "ndev": 10662,
  "ntest": 10662
 },
 "CR": {
  "devacc": 80.95,
  "acc": 80.05,
  "ndev": 3775,
  "ntest": 3775
 },
 "MPQA": {
  "devacc": 85.6,
  "acc": 85.26,
  "ndev": 10606,
  "ntest": 10606
 },
 "SUBJ": {
  "devacc": 88.99,
  "acc": 88.57,
  "ndev": 10000,
  "ntest": 10000
 },
 "SST2": {
  "devacc": 78.67,
  "acc": 77.38,
  "ndev": 872,
  "ntest": 1821
 },
 "TREC": {
  "devacc": 77.81,
  "acc": 81.6,
  "ndev": 5452,
  "ntest": 500
 },
 "MRPC": {
  "devacc": 74.04,
  "acc": 72.75,
  "f1": 81.18,
  "ndev": 4076,
  "ntest": 1725
 },
 "SICKEntailment": {
  "devacc": 85.2,
  "acc": 83.8,
  "ndev": 500,
  "ntest": 4927
 },
 "STS14": {
  "deft-forum": {
   "pearson": [
    0.38452194160898423,
    2.6334433889178425e-17
   ],
   "spearman": [
    0.3811357693818728,
    5.2455045957036835e-17
   ],
   "nsamples": 450
  },
  "deft-news": {
   "pearson": [
    0.6427104393754347,
    2.3606914779981172e-36
   ],
   "spearman": [
    0.6117501873145482,
    3.470916065428149e-32
   ],
   "nsamples": 300
  },
  "headlines": {
   "pearson": [
    0.5673849496029798,
    4.050082904571737e-65
   ],
   "spearman": [
    0.5496536229141933,
    1.9844364188331498e-60
   ],
   "nsamples": 750
  },
  "images": {
   "pearson": [
    0.8297764454975921,
    1.2129324582140702e-191
   ],
   "spearman": [
    0.7873601321359801,
    2.721101606591776e-159
   ],
   "nsamples": 750
  },
  "OnWN": {
   "pearson": [
    0.7171066662244227,
    2.1369312875538637e-119
   ],
   "spearman": [
    0.7382070481250885,
    5.133582100707065e-130
   ],
   "nsamples": 750
  },
  "tweet-news": {
   "pearson": [
    0.6746989484025777,
    9.597368565764886e-101
   ],
   "spearman": [
    0.6127523443347533,
    1.6395490575842458e-78
   ],
   "nsamples": 750
  },
  "all": {
   "pearson": {
    "mean": 0.6360332317853318,
    "wmean": 0.6553528700886274
   },
   "spearman": {
    "mean": 0.6134765173677393,
    "wmean": 0.6322709368129915
   }
  }
 }
}