{
 "MR": {
  "devacc": 71.17,
  "acc": 70.22,
  "ndev": 10662,
  "ntest": 10662
 },
 "CR": {
  "devacc": 76.74,
  "acc": 75.28,
  "ndev": 3775,
  "ntest": 3775
 },
 "MPQA": {
  "devacc": 84.69,
  "acc": 84.2,
  "ndev": 10606,
  "ntest": 10606
 },
 "SUBJ": {
  "devacc": 85.04,
  "acc": 84.27,
  "ndev": 10000,
  "ntest": 10000
 },
 "SST2": {
  "devacc": 75.92,
  "acc": 74.24,
  "ndev": 872,
  "ntest": 1821
 },
 "TREC": {
  "devacc": 60.8,
  "acc": 70.2,
  "ndev": 5452,
  "ntest": 500
 },
 "MRPC": {
  "devacc": 72.89,
  "acc": 72.93,
  "f1": 81.49,
  "ndev": 4076,
  "ntest": 1725
 },
 "SICKEntailment": {
  "devacc": 81.0,
  "acc": 82.71,
  "ndev": 500,
  "ntest": 4927
 },
 "STS14": {
  "deft-forum": {
   "pearson": [
    0.3647747944876079,
    1.3104788175475308e-15
   ],
   "spearman": [
    0.38961220137464775,
    9.205984732015111e-18
   ],
   "nsamples": 450
  },
  "deft-news": {
   "pearson": [
    0.6039876209361409,
    3.2697196450777294e-31
   ],
   "spearman": [
    0.5708813289383657,
    2.423118200418657e-27
   ],
   "nsamples": 300
  },
  "headlines": {
   "pearson": [
    0.49719310227822433,
    4.4109867451795725e-48
   ],
   "spearman": [
    0.49059607402521305,
    1.1226322549855968e-46
   ],
   "nsamples": 750
  },
  "images": {
   "pearson": [
    0.7922775892227261,
    1.1966608465411856e-162
   ],
   "spearman": [
    0.7490473263976815,
    6.998582576042373e-136
   ],
   "nsamples": 750
  },
  "OnWN": {
   "pearson": [
    0.6056452781940015,
    2.8598258611730935e-76
   ],
   "spearman": [
    0.6631246475581251,
    3.4824429034391037e-96
   ],
   "nsamples": 750
  },
  "tweet-news": {
   "pearson": [
    0.5776175188499246,
    5.870886488398169e-68
   ],
   "spearman": [
    0.5252538297667325,
    2.0394464600978127e-54
   ],
   "nsamples": 750
  },
  "all": {
   "pearson": {
    "mean": 0.5735826506614375,
    "wmean": 0.5866386827223796
   },
   "spearman": {
    "mean": 0.5647525680101276,
    "wmean": 0.5780283460295775
   }
  }
 }
}