{
 "MR": {
  "devacc": 70.84,
  "acc": 69.22,
  "ndev": 10662,
  "ntest": 10662
 },
 "CR": {
  "devacc": 76.55,
  "acc": 75.79,
  "ndev": 3775,
  "ntest": 3775
 },
 "MPQA": {
  "devacc": 84.83,
  "acc": 84.4,
  "ndev": 10606,
  "ntest": 10606
 },
 "SUBJ": {
  "devacc": 84.25,
  "acc": 83.33,
  "ndev": 10000,
  "ntest": 10000
 },
 "SST2": {
  "devacc": 75.23,
  "acc": 75.07,
  "ndev": 872,
  "ntest": 1821
 },
 "TREC": {
  "devacc": 61.08,
  "acc": 71.8,
  "ndev": 5452,
  "ntest": 500
 },
 "MRPC": {
  "devacc": 73.04,
  "acc": 71.83,
  "f1": 80.13,
  "ndev": 4076,
  "ntest": 1725
 },
 "SICKEntailment": {
  "devacc": 81.8,
  "acc": 82.65,
  "ndev": 500,
  "ntest": 4927
 },
 "STS14": {
  "deft-forum": {
   "pearson": [
    0.3634837504981117,
    1.6763656102599463e-15
   ],
   "spearman": [
    0.38861040904474126,
    1.133788840303732e-17
   ],
   "nsamples": 450
  },
  "deft-news": {
   "pearson": [
    0.6021686227243769,
    5.481782618130959e-31
   ],
   "spearman": [
    0.5695837282176756,
    3.3670370757624005e-27
   ],
   "nsamples": 300
  },
  "headlines": {
   "pearson": [
    0.4854081243136799,
    1.3625101688741099e-45
   ],
   "spearman": [
    0.4688456795877219,
    2.974534281268017e-42
   ],
   "nsamples": 750
  },
  "images": {
   "pearson": [
    0.8095861938563378,
    3.1487634485848975e-175
   ],
   "spearman": [
    0.7657639783242718,
    1.5262702659803218e-145
   ],
   "nsamples": 750
  },
  "OnWN": {
   "pearson": [
    0.6164536181728644,
    1.0581557906831325e-79
   ],
   "spearman": [
    0.6641256317743007,
    1.430918207141987e-96
   ],
   "nsamples": 750
  },
  "tweet-news": {
   "pearson": [
    0.5613791983324722,
    1.6898408879000845e-63
   ],
   "spearman": [
    0.5018221172355722,
    4.362039198748682e-49
   ],
   "nsamples": 750
  },
  "all": {
   "pearson": {
    "mean": 0.5730799179829739,
    "wmean": 0.5863569668127944
   },
   "spearman": {
    "mean": 0.5597919240307139,
    "wmean": 0.5723114287271563
   }
  }
 }
}