{
 "dev accuracy": 0.8018425324675325,
 "test accuracy: ": 0.8035714285714286
}