{
 "dev accuracy": 0.805349025974026,
 "test accuracy: ": 0.8030641233766234
}