{
 "MR": {
  "devacc": 79.54,
  "acc": 78.6,
  "ndev": 10662,
  "ntest": 10662
 },
 "CR": {
  "devacc": 85.49,
  "acc": 84.72,
  "ndev": 3775,
  "ntest": 3775
 },
 "MPQA": {
  "devacc": 87.3,
  "acc": 86.93,
  "ndev": 10606,
  "ntest": 10606
 },
 "SUBJ": {
  "devacc": 91.08,
  "acc": 90.75,
  "ndev": 10000,
  "ntest": 10000
 },
 "SST2": {
  "devacc": 77.29,
  "acc": 78.58,
  "ndev": 872,
  "ntest": 1821
 },
 "TREC": {
  "devacc": 77.59,
  "acc": 75.6,
  "ndev": 5452,
  "ntest": 500
 },
 "MRPC": {
  "devacc": 73.82,
  "acc": 73.51,
  "f1": 82.14,
  "ndev": 4076,
  "ntest": 1725
 },
 "SICKEntailment": {
  "devacc": 84.2,
  "acc": 84.11,
  "ndev": 500,
  "ntest": 4927
 },
 "STS14": {
  "deft-forum": {
   "pearson": [
    0.4045117127785407,
    3.8160207980443337e-19
   ],
   "spearman": [
    0.4063378522958178,
    2.5545969171219805e-19
   ],
   "nsamples": 450
  },
  "deft-news": {
   "pearson": [
    0.6520687851750226,
    1.0397882002877467e-37
   ],
   "spearman": [
    0.6291211913252602,
    1.8204425584899507e-34
   ],
   "nsamples": 300
  },
  "headlines": {
   "pearson": [
    0.5636999312906706,
    4.033061366739725e-64
   ],
   "spearman": [
    0.5544057089450316,
    1.170085014101319e-61
   ],
   "nsamples": 750
  },
  "images": {
   "pearson": [
    0.8027528022456111,
    4.1127215803029045e-170
   ],
   "spearman": [
    0.7688791574717505,
    1.965748667727414e-147
   ],
   "nsamples": 750
  },
  "OnWN": {
   "pearson": [
    0.7269501349310095,
    3.1620156711296916e-124
   ],
   "spearman": [
    0.7496021707406941,
    3.4410720385703335e-136
   ],
   "nsamples": 750
  },
  "tweet-news": {
   "pearson": [
    0.6862653352762365,
    1.630694923264249e-105
   ],
   "spearman": [
    0.6442267425014273,
    3.66004039204722e-89
   ],
   "nsamples": 750
  },
  "all": {
   "pearson": {
    "mean": 0.6393747836161818,
    "wmean": 0.6566405490961322
   },
   "spearman": {
    "mean": 0.625428803879997,
    "wmean": 0.6425129935132997
   }
  }
 }
}