{
 "dev accuracy": 0.8022199675324676,
 "test accuracy: ": 0.7985998376623377
}