{
 "MR": {
  "devacc": 66.99,
  "acc": 66.02,
  "ndev": 10662,
  "ntest": 10662
 },
 "CR": {
  "devacc": 74.02,
  "acc": 73.38,
  "ndev": 3775,
  "ntest": 3775
 },
 "MPQA": {
  "devacc": 82.7,
  "acc": 82.27,
  "ndev": 10606,
  "ntest": 10606
 },
 "SUBJ": {
  "devacc": 79.45,
  "acc": 78.82,
  "ndev": 10000,
  "ntest": 10000
 },
 "SST2": {
  "devacc": 70.53,
  "acc": 69.3,
  "ndev": 872,
  "ntest": 1821
 },
 "TREC": {
  "devacc": 56.13,
  "acc": 65.2,
  "ndev": 5452,
  "ntest": 500
 },
 "MRPC": {
  "devacc": 71.64,
  "acc": 68.35,
  "f1": 78.23,
  "ndev": 4076,
  "ntest": 1725
 },
 "SICKEntailment": {
  "devacc": 80.4,
  "acc": 78.95,
  "ndev": 500,
  "ntest": 4927
 },
 "STS14": {
  "deft-forum": {
   "pearson": [
    0.21489110732981048,
    4.2311031490895715e-06
   ],
   "spearman": [
    0.21575049292797777,
    3.864599434740131e-06
   ],
   "nsamples": 450
  },
  "deft-news": {
   "pearson": [
    0.35314117675510925,
    3.0734780899802423e-10
   ],
   "spearman": [
    0.397214054164146,
    8.841248924638907e-13
   ],
   "nsamples": 300
  },
  "headlines": {
   "pearson": [
    0.4084574032127568,
    1.598729512741258e-31
   ],
   "spearman": [
    0.387308524987296,
    2.9835640253524214e-28
   ],
   "nsamples": 750
  },
  "images": {
   "pearson": [
    0.7412869914057506,
    1.1855747012643044e-131
   ],
   "spearman": [
    0.678240527020857,
    3.5073378771544283e-102
   ],
   "nsamples": 750
  },
  "OnWN": {
   "pearson": [
    0.45481291327559076,
    1.4545591679889706e-39
   ],
   "spearman": [
    0.5083389501954336,
    1.5800144207908119e-50
   ],
   "nsamples": 750
  },
  "tweet-news": {
   "pearson": [
    0.4816377097772064,
    8.140203770059328e-45
   ],
   "spearman": [
    0.44581471650445886,
    6.644759963091459e-38
   ],
   "nsamples": 750
  },
  "all": {
   "pearson": {
    "mean": 0.4423712169593707,
    "wmean": 0.47127723055424686
   },
   "spearman": {
    "mean": 0.4387778776333615,
    "wmean": 0.4616077272260981
   }
  }
 }
}