{
 "MR": {
  "devacc": 68.96,
  "acc": 68.19,
  "ndev": 10662,
  "ntest": 10662
 },
 "CR": {
  "devacc": 76.26,
  "acc": 75.1,
  "ndev": 3775,
  "ntest": 3775
 },
 "MPQA": {
  "devacc": 84.05,
  "acc": 83.67,
  "ndev": 10606,
  "ntest": 10606
 },
 "SUBJ": {
  "devacc": 83.35,
  "acc": 82.54,
  "ndev": 10000,
  "ntest": 10000
 },
 "SST2": {
  "devacc": 73.39,
  "acc": 70.02,
  "ndev": 872,
  "ntest": 1821
 },
 "TREC": {
  "devacc": 60.03,
  "acc": 66.2,
  "ndev": 5452,
  "ntest": 500
 },
 "MRPC": {
  "devacc": 71.69,
  "acc": 70.78,
  "f1": 80.75,
  "ndev": 4076,
  "ntest": 1725
 },
 "SICKEntailment": {
  "devacc": 82.8,
  "acc": 82.06,
  "ndev": 500,
  "ntest": 4927
 },
 "STS14": {
  "deft-forum": {
   "pearson": [
    0.3223153348593059,
    2.4494022732651774e-12
   ],
   "spearman": [
    0.3280987569811759,
    9.38455422516737e-13
   ],
   "nsamples": 450
  },
  "deft-news": {
   "pearson": [
    0.5258385801436904,
    9.901297181465493e-23
   ],
   "spearman": [
    0.5043137442478887,
    9.265536158117736e-21
   ],
   "nsamples": 300
  },
  "headlines": {
   "pearson": [
    0.4552095938057571,
    1.225786597856595e-39
   ],
   "spearman": [
    0.4287951194400108,
    6.745269432065717e-35
   ],
   "nsamples": 750
  },
  "images": {
   "pearson": [
    0.8018072453402725,
    2.0239302998748514e-169
   ],
   "spearman": [
    0.7433451972895802,
    9.273583387702475e-133
   ],
   "nsamples": 750
  },
  "OnWN": {
   "pearson": [
    0.5766252192451049,
    1.1178599466357262e-67
   ],
   "spearman": [
    0.6047850506510521,
    5.294587712860553e-76
   ],
   "nsamples": 750
  },
  "tweet-news": {
   "pearson": [
    0.5322549197820617,
    4.310484652303301e-56
   ],
   "spearman": [
    0.4759277974618391,
    1.1694461725616379e-43
   ],
   "nsamples": 750
  },
  "all": {
   "pearson": {
    "mean": 0.5356751488626987,
    "wmean": 0.5539243222292513
   },
   "spearman": {
    "mean": 0.5142109443452578,
    "wmean": 0.5302875833460686
   }
  }
 }
}