{
 "MR": {
  "devacc": 69.24,
  "acc": 68.82,
  "ndev": 10662,
  "ntest": 10662
 },
 "CR": {
  "devacc": 77.29,
  "acc": 76.61,
  "ndev": 3775,
  "ntest": 3775
 },
 "MPQA": {
  "devacc": 84.1,
  "acc": 83.56,
  "ndev": 10606,
  "ntest": 10606
 },
 "SUBJ": {
  "devacc": 83.63,
  "acc": 83.01,
  "ndev": 10000,
  "ntest": 10000
 },
 "SST2": {
  "devacc": 74.2,
  "acc": 72.65,
  "ndev": 872,
  "ntest": 1821
 },
 "TREC": {
  "devacc": 59.13,
  "acc": 67.2,
  "ndev": 5452,
  "ntest": 500
 },
 "MRPC": {
  "devacc": 72.1,
  "acc": 70.14,
  "f1": 79.36,
  "ndev": 4076,
  "ntest": 1725
 },
 "SICKEntailment": {
  "devacc": 84.8,
  "acc": 81.92,
  "ndev": 500,
  "ntest": 4927
 },
 "STS14": {
  "deft-forum": {
   "pearson": [
    0.26722494304641603,
    8.513154123407967e-09
   ],
   "spearman": [
    0.2786337640066294,
    1.8124784968326248e-09
   ],
   "nsamples": 450
  },
  "deft-news": {
   "pearson": [
    0.5163430313496336,
    7.63018964901617e-22
   ],
   "spearman": [
    0.5112032695837799,
    2.2443929293849317e-21
   ],
   "nsamples": 300
  },
  "headlines": {
   "pearson": [
    0.4821026300417374,
    6.537845239621145e-45
   ],
   "spearman": [
    0.45031702706657517,
    9.958968047763448e-39
   ],
   "nsamples": 750
  },
  "images": {
   "pearson": [
    0.7846613815160488,
    1.73491847952096e-157
   ],
   "spearman": [
    0.7370876625725532,
    1.9928294558915465e-129
   ],
   "nsamples": 750
  },
  "OnWN": {
   "pearson": [
    0.5586675671257978,
    8.885009171120418e-63
   ],
   "spearman": [
    0.5882918217230286,
    4.995360413540628e-71
   ],
   "nsamples": 750
  },
  "tweet-news": {
   "pearson": [
    0.5687728694600752,
    1.691380963961935e-65
   ],
   "spearman": [
    0.5129183456261126,
    1.4697537337068203e-51
   ],
   "nsamples": 750
  },
  "all": {
   "pearson": {
    "mean": 0.5296287370899514,
    "wmean": 0.5522153253022725
   },
   "spearman": {
    "mean": 0.5130753150964465,
    "wmean": 0.5320552846451518
   }
  }
 }
}