{
    "dev accuracy" : 0.8362885048835461,
 "test accuracy: ": 0.7404671717171718
}