{
 "dev accuracy": 0.7339813311688311,
 "test accuracy: ": 0.7388392857142857
}