{
 "dev accuracy": 0.7393587662337662,
 "test accuracy: ": 0.7418831168831169
}