{
 "MR": {
  "devacc": 75.2,
  "acc": 74.33,
  "ndev": 10662,
  "ntest": 10662
 },
 "CR": {
  "devacc": 79.02,
  "acc": 78.01,
  "ndev": 3775,
  "ntest": 3775
 },
 "SUBJ": {
  "devacc": 90.27,
  "acc": 89.53,
  "ndev": 10000,
  "ntest": 10000
 },
 "MPQA": {
  "devacc": 85.06,
  "acc": 84.6,
  "ndev": 10606,
  "ntest": 10606
 },
 "STSBenchmark": {
  "devpearson": 0.7062244100916107,
  "pearson": 0.6255316012485217,
  "spearman": 0.6019311044094815,
  "mse": 1.6589096334974893,
  "yhat": 