{
 "dev accuracy": 0.8306561482594539,
 "test accuracy: ": 0.8337824675324677
}