{
 "MR": {
  "devacc": 71.29,
  "acc": 70.46,
  "ndev": 10662,
  "ntest": 10662
 },
 "CR": {
  "devacc": 77.42,
  "acc": 76.56,
  "ndev": 3775,
  "ntest": 3775
 },
 "MPQA": {
  "devacc": 84.66,
  "acc": 83.99,
  "ndev": 10606,
  "ntest": 10606
 },
 "SUBJ": {
  "devacc": 85.14,
  "acc": 84.53,
  "ndev": 10000,
  "ntest": 10000
 },
 "SST2": {
  "devacc": 75.8,
  "acc": 74.85,
  "ndev": 872,
  "ntest": 1821
 },
 "TREC": {
  "devacc": 64.58,
  "acc": 71.8,
  "ndev": 5452,
  "ntest": 500
 },
 "MRPC": {
  "devacc": 72.59,
  "acc": 71.94,
  "f1": 80.82,
  "ndev": 4076,
  "ntest": 1725
 },
 "SICKEntailment": {
  "devacc": 84.0,
  "acc": 82.38,
  "ndev": 500,
  "ntest": 4927
 },
 "STS14": {
  "deft-forum": {
   "pearson": [
    0.3209987874798812,
    3.0385723259501657e-12
   ],
   "spearman": [
    0.32345966158487094,
    2.0291988950913423e-12
   ],
   "nsamples": 450
  },
  "deft-news": {
   "pearson": [
    0.5725079882932973,
    1.6009377852845483e-27
   ],
   "spearman": [
    0.559438627282893,
    4.1958884187147263e-26
   ],
   "nsamples": 300
  },
  "headlines": {
   "pearson": [
    0.49073561437955454,
    1.0491091803996089e-46
   ],
   "spearman": [
    0.4591288806955437,
    2.23291731055954e-40
   ],
   "nsamples": 750
  },
  "images": {
   "pearson": [
    0.8045028601552319,
    2.1049753291440135e-171
   ],
   "spearman": [
    0.7562231047464265,
    6.219779587726687e-140
   ],
   "nsamples": 750
  },
  "OnWN": {
   "pearson": [
    0.6334396056088921,
    2.2556057684617047e-85
   ],
   "spearman": [
    0.6596974478606707,
    7.131099752305289e-95
   ],
   "nsamples": 750
  },
  "tweet-news": {
   "pearson": [
    0.6134478349489833,
    9.824002783684311e-79
   ],
   "spearman": [
    0.5659027467880718,
    1.0243864441641117e-64
   ],
   "nsamples": 750
  },
  "all": {
   "pearson": {
    "mean": 0.57260544847764,
    "wmean": 0.5927456765795819
   },
   "spearman": {
    "mean": 0.5539750781597461,
    "wmean": 0.5717606855909585
   }
  }
 }
}