{
 "dev accuracy": 0.835565573086234,
 "test accuracy: ": 0.8353661616161617
}