{
 "MR": {
  "devacc": 71.64,
  "acc": 70.89,
  "ndev": 10662,
  "ntest": 10662
 },
 "CR": {
  "devacc": 78.73,
  "acc": 77.72,
  "ndev": 3775,
  "ntest": 3775
 },
 "MPQA": {
  "devacc": 84.37,
  "acc": 83.9,
  "ndev": 10606,
  "ntest": 10606
 },
 "SUBJ": {
  "devacc": 85.87,
  "acc": 85.32,
  "ndev": 10000,
  "ntest": 10000
 },
 "SST2": {
  "devacc": 77.75,
  "acc": 74.19,
  "ndev": 872,
  "ntest": 1821
 },
 "TREC": {
  "devacc": 65.46,
  "acc": 75.0,
  "ndev": 5452,
  "ntest": 500
 },
 "MRPC": {
  "devacc": 72.18,
  "acc": 70.49,
  "f1": 78.82,
  "ndev": 4076,
  "ntest": 1725
 },
 "SICKEntailment": {
  "devacc": 84.2,
  "acc": 81.79,
  "ndev": 500,
  "ntest": 4927
 },
 "STS14": {
  "deft-forum": {
   "pearson": [
    0.3487124548664951,
    2.593689248682073e-14
   ],
   "spearman": [
    0.336560015883845,
    2.2219130377117125e-13
   ],
   "nsamples": 450
  },
  "deft-news": {
   "pearson": [
    0.5803509253302386,
    2.100401495555493e-28
   ],
   "spearman": [
    0.5541314351342376,
    1.5175466268330585e-25
   ],
   "nsamples": 300
  },
  "headlines": {
   "pearson": [
    0.4890214134577116,
    2.405779505218256e-46
   ],
   "spearman": [
    0.4593993771525434,
    1.9837020791164297e-40
   ],
   "nsamples": 750
  },
  "images": {
   "pearson": [
    0.8172024474827542,
    3.515497978817733e-181
   ],
   "spearman": [
    0.7693743070962441,
    9.780422363564722e-148
   ],
   "nsamples": 750
  },
  "OnWN": {
   "pearson": [
    0.6411069953973454,
    4.733633182641626e-88
   ],
   "spearman": [
    0.6706944907087988,
    3.829409827535473e-99
   ],
   "nsamples": 750
  },
  "tweet-news": {
   "pearson": [
    0.6176802090876367,
    4.232743162284313e-80
   ],
   "spearman": [
    0.556527498725168,
    3.2573374315048563e-62
   ],
   "nsamples": 750
  },
  "all": {
   "pearson": {
    "mean": 0.5823457409370303,
    "wmean": 0.6012757816954881
   },
   "spearman": {
    "mean": 0.5577811874501394,
    "wmean": 0.5759168514533513
   }
  }
 }
}