{
 "dev accuracy": 0.8504783370899073,
 "test accuracy: ": 0.849781746031746
}