{
 "MR": {
  "devacc": 74.79,
  "acc": 73.61,
  "ndev": 10662,
  "ntest": 10662
 },
 "CR": {
  "devacc": 81.97,
  "acc": 80.64,
  "ndev": 3775,
  "ntest": 3775
 },
 "MPQA": {
  "devacc": 86.08,
  "acc": 85.46,
  "ndev": 10606,
  "ntest": 10606
 },
 "SUBJ": {
  "devacc": 89.83,
  "acc": 89.34,
  "ndev": 10000,
  "ntest": 10000
 },
 "SST2": {
  "devacc": 78.1,
  "acc": 77.81,
  "ndev": 872,
  "ntest": 1821
 },
 "TREC": {
  "devacc": 78.28,
  "acc": 81.0,
  "ndev": 5452,
  "ntest": 500
 },
 "MRPC": {
  "devacc": 74.07,
  "acc": 73.1,
  "f1": 81.37,
  "ndev": 4076,
  "ntest": 1725
 },
 "SICKEntailment": {
  "devacc": 84.8,
  "acc": 83.72,
  "ndev": 500,
  "ntest": 4927
 },
 "STS14": {
  "deft-forum": {
   "pearson": [
    0.357023725621811,
    5.65253730315743e-15
   ],
   "spearman": [
    0.3611215370879167,
    2.6229249932659748e-15
   ],
   "nsamples": 450
  },
  "deft-news": {
   "pearson": [
    0.6565172444717686,
    2.2665476923799355e-38
   ],
   "spearman": [
    0.6188921104578602,
    4.1702503696417194e-33
   ],
   "nsamples": 300
  },
  "headlines": {
   "pearson": [
    0.5592114335928515,
    6.377032272204173e-63
   ],
   "spearman": [
    0.5375109169036228,
    2.2439266026589943e-57
   ],
   "nsamples": 750
  },
  "images": {
   "pearson": [
    0.825213709150488,
    9.486234805546086e-188
   ],
   "spearman": [
    0.7831688750730708,
    1.6830501490145245e-156
   ],
   "nsamples": 750
  },
  "OnWN": {
   "pearson": [
    0.7277664418815717,
    1.2300503986615622e-124
   ],
   "spearman": [
    0.7488115246176605,
    9.457908350846043e-136
   ],
   "nsamples": 750
  },
  "tweet-news": {
   "pearson": [
    0.6938636813816725,
    9.029153634655758e-109
   ],
   "spearman": [
    0.64442560867976,
    3.105847322918837e-89
   ],
   "nsamples": 750
  },
  "all": {
   "pearson": {
    "mean": 0.6365993726833605,
    "wmean": 0.6565752798336756
   },
   "spearman": {
    "mean": 0.6156550954699819,
    "wmean": 0.6356293383420017
   }
  }
 }
}