{
 "MR": {
  "devacc": 75.2,
  "acc": 74.33,
  "ndev": 10662,
  "ntest": 10662
 },
 "CR": {
  "devacc": 79.02,
  "acc": 78.01,
  "ndev": 3775,
  "ntest": 3775
 },
 "MPQA": {
  "devacc": 85.06,
  "acc": 84.6,
  "ndev": 10606,
  "ntest": 10606
 },
 "SUBJ": {
  "devacc": 90.27,
  "acc": 89.53,
  "ndev": 10000,
  "ntest": 10000
 },
 "SST2": {
  "devacc": 78.44,
  "acc": 79.24,
  "ndev": 872,
  "ntest": 1821
 },
 "TREC": {
  "devacc": 73.59,
  "acc": 80.8,
  "ndev": 5452,
  "ntest": 500
 },
 "MRPC": {
  "devacc": 72.08,
  "acc": 71.83,
  "f1": 81.31,
  "ndev": 4076,
  "ntest": 1725
 },
 "SICKEntailment": {
  "devacc": 79.4,
  "acc": 77.43,
  "ndev": 500,
  "ntest": 4927
 },
 "STS14": {
  "deft-forum": {
   "pearson": [
    0.26345986820101397,
    1.3963999496774464e-08
   ],
   "spearman": [
    0.3162871852546679,
    6.51551808647051e-12
   ],
   "nsamples": 450
  },
  "deft-news": {
   "pearson": [
    0.5879999393167816,
    2.7466856687541984e-29
   ],
   "spearman": [
    0.5978747176688436,
    1.832332361224508e-30
   ],
   "nsamples": 300
  },
  "headlines": {
   "pearson": [
    0.5131187415759733,
    1.3235800520743754e-51
   ],
   "spearman": [
    0.5150891275848678,
    4.7077288077340576e-52
   ],
   "nsamples": 750
  },
  "images": {
   "pearson": [
    0.635729884844883,
    3.6413383970001265e-86
   ],
   "spearman": [
    0.6178201815380836,
    3.811539975476439e-80
   ],
   "nsamples": 750
  },
  "OnWN": {
   "pearson": [
    0.5152510651854217,
    4.3229893018221995e-52
   ],
   "spearman": [
    0.5860396358035347,
    2.2690446371306497e-70
   ],
   "nsamples": 750
  },
  "tweet-news": {
   "pearson": [
    0.4895844831781919,
    1.832684719597075e-46
   ],
   "spearman": [
    0.5047970173479236,
    9.676738800382859e-50
   ],
   "nsamples": 750
  },
  "all": {
   "pearson": {
    "mean": 0.5008573303837109,
    "wmean": 0.5093920142863583
   },
   "spearman": {
    "mean": 0.5229846441996535,
    "wmean": 0.5305336320989495
   }
  }
 }
}