{
 "dev accuracy": 0.7499382252274814,
 "test accuracy: ": 0.7516810966810967
}